{
  "xgb": {
    "max_depth": 7,
    "lr": 0.014951580607418751,
    "n_est": 590,
    "mcw": 5,
    "ss": 0.9535865007390119,
    "cs": 0.8795979758269308,
    "gamma": 0.6197922973771817,
    "ra": 1.8271192405033734,
    "rl": 0.025552733285236134
  },
  "lgb": {
    "nl": 65,
    "lr": 0.03467694237519873,
    "ne": 362,
    "mcs": 53,
    "ss": 0.7177980507455722,
    "cs": 0.8673059231766158,
    "ra": 0.03345238671392398,
    "rl": 1.329480576170043
  },
  "nn": {
    "nl": 5,
    "hd": 512,
    "dp": 0.15786372851703787,
    "lr": 0.0027265301243863125,
    "bs": 8192
  }
}