{
  "xgb": {
    "max_depth": 8,
    "lr": 0.03348334281379479,
    "n_est": 352,
    "mcw": 3,
    "ss": 0.7436582730155679,
    "cs": 0.8929072535891859,
    "gamma": 0.07031042915525229,
    "ra": 5.897746004412257,
    "rl": 0.5988690086843329
  },
  "lgb": {
    "nl": 160,
    "lr": 0.03290544625091967,
    "ne": 307,
    "mcs": 33,
    "ss": 0.7258066690628593,
    "cs": 0.9258206601344302,
    "ra": 0.01037284749430983,
    "rl": 0.005614078621958573
  },
  "nn": {
    "nl": 2,
    "hd": 128,
    "dp": 0.04434573943470584,
    "lr": 0.00475265835043691,
    "bs": 2048
  }
}