{
  "E": {
    "method": "wavg_0.4",
    "r2": 0.8101791655049013,
    "rmse": 1.2483212883328265,
    "mae": 0.9763578127897683
  },
  "H": {
    "method": "wavg_0.3",
    "r2": 0.8126361975642582,
    "rmse": 0.5216265238187308,
    "mae": 0.37783625756470096
  }
}