{
  "E": {
    "XGBoost": {
      "rmse": 0.16542277225961954,
      "mae": 0.0989474430680275,
      "r2": 0.9962605834007263,
      "mape": 8.04129409790039
    },
    "LightGBM": {
      "rmse": 0.16543777986532235,
      "mae": 0.0987986414974637,
      "r2": 0.9962599340603742,
      "mape": 7.3549749337423584
    },
    "NeuralNet": {
      "rmse": 0.16825970135418675,
      "mae": 0.10347743332386017,
      "r2": 0.9961312413215637,
      "mape": 10.04993724822998
    },
    "Ensemble": {
      "rmse": 0.16599918778907638,
      "mae": 0.0995803507690983,
      "r2": 0.9962345073979374,
      "mape": 7.877481495352097
    }
  },
  "H": {
    "XGBoost": {
      "rmse": 0.03436556579622988,
      "mae": 0.019481593742966652,
      "r2": 0.9966343641281128,
      "mape": 32.924713134765625
    },
    "LightGBM": {
      "rmse": 0.03384942588185423,
      "mae": 0.018576846589217787,
      "r2": 0.9967347005896813,
      "mape": 17.399976779612913
    },
    "NeuralNet": {
      "rmse": 0.034254117375485685,
      "mae": 0.01912139728665352,
      "r2": 0.9966561794281006,
      "mape": 29.92794418334961
    },
    "Ensemble": {
      "rmse": 0.03387264180835112,
      "mae": 0.018556470684838212,
      "r2": 0.9967302199850295,
      "mape": 17.17893669152921
    }
  }
}