{
  "B": {
    "XGBoost": {
      "rmse": 0.09138581381682177,
      "mae": 0.039941877126693726,
      "r2": 0.9973105192184448,
      "mape": 55.28963088989258
    },
    "LightGBM": {
      "rmse": 0.08827754840305087,
      "mae": 0.038193799383869756,
      "r2": 0.9974903810095437,
      "mape": 21.946166664420698
    },
    "NeuralNet": {
      "rmse": 0.13099962518953256,
      "mae": 0.07008641213178635,
      "r2": 0.9944735169410706,
      "mape": 618.8745727539062
    },
    "Ensemble": {
      "rmse": 0.0879176593116149,
      "mae": 0.03767561812826224,
      "r2": 0.9975108016820144,
      "mape": 34.26173559147554
    }
  },
  "E": {
    "XGBoost": {
      "rmse": 2.588178694904313,
      "mae": 1.0688694715499878,
      "r2": 0.9975842237472534,
      "mape": 89.4773178100586
    },
    "LightGBM": {
      "rmse": 2.564349750179249,
      "mae": 1.03181305805797,
      "r2": 0.9976285281029635,
      "mape": 20.670848760582754
    },
    "NeuralNet": {
      "rmse": 2.679973887273625,
      "mae": 1.0925756692886353,
      "r2": 0.9974098801612854,
      "mape": 68.03308868408203
    },
    "Ensemble": {
      "rmse": 2.561204599351846,
      "mae": 1.027145551065691,
      "r2": 0.9976343417115203,
      "mape": 19.779043563946008
    }
  }
}